{"stat.chestOpened":6,"stat.walkOneCm":7672,"stat.useItem.minecraft.chest":4,"stat.pickup.nshm.ItemSteelIngot":4,"stat.pickup.nshm.BlockPalladium":2,"achievement.openInventory":13,"stat.useItem.minecraft.stone":241,"stat.pickup.nshm.ItemDwarfStarIngot":2,"stat.leaveGame":1,"stat.pickup.nshm.ItemCarbonFiberMesh":2,"stat.furnaceInteraction":1,"stat.useItem.minecraft.furnace":3,"stat.pickup.nshm.BlockPalladiumOre":128,"stat.pickup.nshm.BlockDwarfStarOre":130,"stat.useItem.minecraft.stained_glass_pane":32,"stat.flyOneCm":34510,"stat.pickup.minecraft.wheat_seeds":1,"stat.jump":52,"stat.pickup.minecraft.coal":55,"stat.playOneMinute":18699,"stat.useItem.minecraft.item_frame":7,"stat.pickup.nshm.ItemIonizedPalladiumIngot":2,"stat.sneakTime":337,"stat.pickup.nshm.ItemPalladiumIngot":4,"stat.crouchOneCm":287,"stat.pickup.nshm.BlockDwarfStar":2,"stat.timeSinceDeath":18699,"stat.sprintOneCm":3199,"stat.useItem.minecraft.crafting_table":1,"stat.useItem.minecraft.sign":6,"stat.pickup.nshm.ItemUnstableDwarfStarIngot":2,"achievement.exploreAllBiomes":{"value":0,"progress":["Forest","Plains"]},"stat.craftingTableInteraction":1}