{"stat.chestOpened":2,"stat.flyOneCm":16663,"stat.useItem.nshm.BlockDwarfStarOre":1,"stat.walkOneCm":2854,"stat.jump":36,"stat.swimOneCm":1605,"stat.playOneMinute":6386,"achievement.openInventory":11,"stat.useItem.minecraft.stone":14,"stat.leaveGame":1,"stat.sneakTime":262,"stat.useItem.nshm.BlockPalladium":1,"stat.crouchOneCm":764,"stat.timeSinceDeath":6386,"stat.sprintOneCm":747,"stat.useItem.nshm.BlockPalladiumOre":1,"achievement.exploreAllBiomes":{"value":0,"progress":["Forest","Plains"]},"stat.useItem.nshm.BlockDwarfStar":1}